#,Program,Module,Point,Lvl,Ticks,Good,Bad,Not,Total(ns),Avg(ns),Min(ns),Max(ns),P99(ns),P999(ns),P9999(ns)
1,mooncake_store,client_service.cpp::BatchGet,FindReplica,3,18096,18096,0,0,3080370,170,26,15179,         N/A,3153,15179
2,mooncake_store,client_service.cpp::BatchGet,Submit,4,18096,18096,0,0,1758569052,97179,10162,38988486,         N/A,38988486,38988486
3,mooncake_store,client_service.cpp::BatchGet,Wait,4,18096,18096,0,0,320185258207,17693703,238,562503301,         N/A,560706070,562503301
4,mooncake_store,client_service.cpp::Get,FindReplica,3,5,5,0,0,1564,312,198,458,458,458,458
5,mooncake_store,client_service.cpp::Get,TransferRead,3,5,5,0,0,6629961,1325992,1156944,1687272,1687272,1687272,1687272
6,mooncake_store,client_service.cpp::Put,PutEnd,3,1000,1000,0,0,96638422,96638,47707,517976,242770,517976,517976
7,mooncake_store,client_service.cpp::Put,PutStart,3,1000,1000,0,0,132009205,132009,53021,773151,327613,609958,773151
8,mooncake_store,client_service.cpp::Put,TransferPut,2,1000,1000,0,0,1165423927,1165423,498531,2247147,1928937,2223493,2247147
9,mooncake_store,client_service.cpp::Put,TransferWrite,3,1000,1000,0,0,934214877,934214,372335,1902802,1598664,1902802,1902802
10,mooncake_store,client_service.cpp::TransferData,Submit[G],4,5,5,0,0,889399,177879,73266,556287,556287,556287,556287
11,mooncake_store,client_service.cpp::TransferData,Submit[W],4,1000,1000,0,0,64057928,64057,25128,366163,149653,244396,366163
12,mooncake_store,client_service.cpp::TransferData,TransferData[G],3,5,5,0,0,6621866,1324373,1156262,1682476,1682476,1682476,1682476
13,mooncake_store,client_service.cpp::TransferData,TransferData[W],3,1000,1000,0,0,933480342,933480,371907,1901936,1597658,1901936,1901936
14,mooncake_store,client_service.cpp::TransferData,Wait[G],4,5,5,0,0,5719121,1143824,1081388,1209892,1209892,1209892,1209892
15,mooncake_store,client_service.cpp::TransferData,Wait[W],4,1000,1000,0,0,867779128,867779,317151,1813524,1518000,1813524,1813524
16,mooncake_master,master_service.cpp::AllocateAndInsertMetadata,AllocateMemory,2,1000,1000,0,0,2540047,2540,444,95384,19878,95384,95384
17,mooncake_master,master_service.cpp::ClientMonitorFunc,ClientMonitorScan,3,40,40,0,0,64440,1611,633,4070,4070,4070,4070
18,mooncake_store,real_client.cpp::batch_get_into,BatchGetIntoInternal,2,1131,1131,0,0,322782412742,285395590,189511071,594027765,594027765,594027765,594027765
19,mooncake_store,real_client.cpp::batch_get_into_internal,BatchQuery,3,1131,1131,0,0,702433834,621073,204302,34300079,34300079,34300079,34300079
20,mooncake_store,real_client.cpp::batch_get_into_internal,MemRead,3,1131,1131,0,0,322029227966,284729644,189116379,593640774,593640774,593640774,593640774
21,mooncake_store,real_client.cpp::batch_get_into_internal,SelectReplica,3,18096,18096,0,0,1129985,62,18,2662,         N/A,2662,2662
22,mooncake_store,real_client.cpp::get_into,GetIntoInternal,2,5,5,0,0,7768823,1553764,1235281,2350421,2350421,2350421,2350421
23,mooncake_store,real_client.cpp::get_into_internal,MemRead,3,5,5,0,0,6638081,1327616,1158095,1690217,1690217,1690217,1690217
24,mooncake_store,real_client.cpp::get_into_internal,Query,3,5,5,0,0,1062115,212423,73207,606379,606379,606379,606379
25,mooncake_store,real_client.cpp::get_into_internal,SelectReplica,3,5,5,0,0,2452,490,326,912,912,912,912
26,mooncake_master,rpc_service.cpp::BatchGetReplicaList,BatchGetReplicaList,1,1131,1131,0,0,42755758,37803,9907,176866,172701,176866,176866
27,mooncake_master,rpc_service.cpp::GetReplicaList,GetReplicaList,1,5,5,0,0,43075,8615,2691,13974,13974,13974,13974
28,mooncake_master,rpc_service.cpp::MountSegment,MountSegment,1,1,1,0,0,808952,808952,808952,808952,808952,808952,808952
29,mooncake_master,rpc_service.cpp::PutEnd,PutEnd,1,1000,1000,0,0,3915279,3915,1214,21188,15557,21188,21188
30,mooncake_master,rpc_service.cpp::PutStart,PutStart,1,1000,1000,0,0,16924842,16924,5447,114667,70560,114667,114667
31,mooncake_master,rpc_service.cpp::UnmountSegment,UnmountSegment,1,1,1,0,0,407153,407153,407153,407153,407153,407153,407153
